ID,DR_Score
Test_1,0.7981810798869206
Test_2,0.00972803976794104
